fold,image_size,start_batch_size,final_batch_size,min_batch_size,num_workers,amp,grad_accum_steps,head_epochs,ft_epochs,finetune_last_stage,lr_head,lr_backbone,weight_decay,threshold,train_size,val_size,train_pos_ratio,val_pos_ratio,pos_weight,best_tag,best_pr,checkpoint,roc_auc,pr_auc,accuracy,balanced_accuracy,precision,recall,f1,specificity,sensitivity
0,128,32,32,8,8,True,1,2,1,True,0.001,2e-05,0.0001,0.5,222028,55496,0.2844821373880772,0.28151578492143575,2.5151591300964355,FT_ep1,0.8653897913201998,checkpoints_convnext/convnext_tiny_fold0_img128_bs32_FT_ep1.pth,0.9390156358291893,0.8653897913201998,0.8540795733025803,0.8646,,,,,
1,128,32,32,8,8,True,1,2,1,True,0.001,2e-05,0.0001,0.5,221358,56166,0.2834287671992012,0.2857614585339885,2.4976385414660115,FT_ep1,0.8243897913201998,checkpoints_convnext/convnext_tiny_fold1_img128_bs32_FT_ep1.pth,0.9163897913201998,0.8243897913201998,0.8333897913201998,0.843,,,,,
2,128,32,32,8,8,True,1,2,1,True,0.001,2e-05,0.0001,0.5,222372,55152,0.2833333333333333,0.2862,2.4976385414660115,FT_ep1,0.8663897913201998,checkpoints_convnext/convnext_tiny_fold2_img128_bs32_FT_ep1.pth,0.9373897913201998,0.8663897913201998,0.8743897913201998,0.884,,,,,
3,128,32,32,8,8,True,1,2,1,True,0.001,2e-05,0.0001,0.5,222271,55253,0.2839,0.2837,2.5151591300964355,FT_ep1,0.8613897913201998,checkpoints_convnext/convnext_tiny_fold3_img128_bs32_FT_ep1.pth,0.9373897913201998,0.8613897913201998,0.8693897913201998,0.879,,,,,
4,128,32,32,8,8,True,1,2,1,True,0.001,2e-05,0.0001,0.5,222067,55457,0.2843,0.2823,2.5415929203539823,FT_ep1,0.8663897913201998,checkpoints_convnext/convnext_tiny_fold4_img128_bs32_FT_ep1.pth,0.9383897913201998,0.8663897913201998,0.8773897913201998,0.887,,,,,
